table_name,field_name,field_value,language,translation
agency,agency_name,JR東日本,ja,JR東日本
agency,agency_name,JR東日本,en,JR-East
routes,route_long_name,吾妻線,ja,吾妻線
routes,route_long_name,吾妻線,en,Agatsuma Line
routes,route_long_name,中央線快速,ja,中央線快速
routes,route_long_name,中央線快速,en,Chuo Rapid Line
routes,route_long_name,中央・総武各駅停車,ja,中央・総武各駅停車
routes,route_long_name,中央・総武各駅停車,en,Chuo-Sobu Local Line
routes,route_long_name,八高線,ja,八高線
routes,route_long_name,八高線,en,Hachiko Line
routes,route_long_name,伊東線,ja,伊東線
routes,route_long_name,伊東線,en,Ito Line
routes,route_long_name,五日市線,ja,五日市線
routes,route_long_name,五日市線,en,Itsukaichi Line
routes,route_long_name,常磐線,ja,常磐線
routes,route_long_name,常磐線,en,Joban Line
routes,route_long_name,常磐線各駅停車,ja,常磐線各駅停車
routes,route_long_name,常磐線各駅停車,en,Joban Local Line
routes,route_long_name,常磐線快速,ja,常磐線快速
routes,route_long_name,常磐線快速,en,Joban Rapid Line
routes,route_long_name,上越線,ja,上越線
routes,route_long_name,上越線,en,Joetsu Line
routes,route_long_name,鹿島線,ja,鹿島線
routes,route_long_name,鹿島線,en,Kashima Line
routes,route_long_name,川越線(川越-高麗川間),ja,川越線(川越-高麗川間)
routes,route_long_name,川越線(川越-高麗川間),en,Kawagoe Line
routes,route_long_name,京浜東北線・根岸線,ja,京浜東北線・根岸線
routes,route_long_name,京浜東北線・根岸線,en,Keihin-Tohoku-Negishi Line
routes,route_long_name,京葉線,ja,京葉線
routes,route_long_name,京葉線,en,Keiyo Line
routes,route_long_name,久留里線,ja,久留里線
routes,route_long_name,久留里線,en,Kururi Line
routes,route_long_name,武蔵野線,ja,武蔵野線
routes,route_long_name,武蔵野線,en,Musashino Line
routes,route_long_name,南武線,ja,南武線
routes,route_long_name,南武線,en,Nambu Line
routes,route_long_name,成田線,ja,成田線
routes,route_long_name,成田線,en,Narita Line
routes,route_long_name,青梅線,ja,青梅線
routes,route_long_name,青梅線,en,Ome Line
routes,route_long_name,相模線,ja,相模線
routes,route_long_name,相模線,en,Sagami Line
routes,route_long_name,埼京線・川越線,ja,埼京線・川越線
routes,route_long_name,埼京線・川越線,en,Saikyo-Kawagoe Line
routes,route_long_name,湘南新宿ライン,ja,湘南新宿ライン
routes,route_long_name,湘南新宿ライン,en,Shonan-Shinjuku Line
routes,route_long_name,総武本線,ja,総武本線
routes,route_long_name,総武本線,en,Sobu Line
routes,route_long_name,総武快速線,ja,総武快速線
routes,route_long_name,総武快速線,en,Sobu Rapid Line
routes,route_long_name,相鉄直通線,ja,相鉄直通線
routes,route_long_name,相鉄直通線,en,Sotetsu Direct Connection Line
routes,route_long_name,外房線,ja,外房線
routes,route_long_name,外房線,en,Sotobo Line
routes,route_long_name,高崎線,ja,高崎線
routes,route_long_name,高崎線,en,Takasaki Line
routes,route_long_name,東金線,ja,東金線
routes,route_long_name,東金線,en,Togane Line
routes,route_long_name,東海道線,ja,東海道線
routes,route_long_name,東海道線,en,Tokaido Line
routes,route_long_name,鶴見線,ja,鶴見線
routes,route_long_name,鶴見線,en,Tsurumi Line
routes,route_long_name,内房線,ja,内房線
routes,route_long_name,内房線,en,Uchibo Line
routes,route_long_name,宇都宮線,ja,宇都宮線
routes,route_long_name,宇都宮線,en,Utsunomiya Line
routes,route_long_name,山手線,ja,山手線
routes,route_long_name,山手線,en,Yamanote Line
routes,route_long_name,横浜線,ja,横浜線
routes,route_long_name,横浜線,en,Yokohama Line
routes,route_long_name,横須賀線,ja,横須賀線
routes,route_long_name,横須賀線,en,Yokosuka Line
stops,stop_name,渋川,ja,渋川
stops,stop_name,渋川,en,Shibukawa
stops,stop_name,金島,ja,金島
stops,stop_name,金島,en,Kanashima
stops,stop_name,祖母島,ja,祖母島
stops,stop_name,祖母島,en,Ubashima
stops,stop_name,小野上,ja,小野上
stops,stop_name,小野上,en,Onogami
stops,stop_name,小野上温泉,ja,小野上温泉
stops,stop_name,小野上温泉,en,Onogami-Onsen
stops,stop_name,市城,ja,市城
stops,stop_name,市城,en,Ichishiro
stops,stop_name,中之条,ja,中之条
stops,stop_name,中之条,en,Nakanojo
stops,stop_name,群馬原町,ja,群馬原町
stops,stop_name,群馬原町,en,Gumma-Haramachi
stops,stop_name,郷原,ja,郷原
stops,stop_name,郷原,en,Gobara
stops,stop_name,矢倉,ja,矢倉
stops,stop_name,矢倉,en,Yagura
stops,stop_name,岩島,ja,岩島
stops,stop_name,岩島,en,Iwashima
stops,stop_name,川原湯温泉,ja,川原湯温泉
stops,stop_name,川原湯温泉,en,Kawarayu-Onsen
stops,stop_name,長野原草津口,ja,長野原草津口
stops,stop_name,長野原草津口,en,Naganoharakusatsuguchi
stops,stop_name,群馬大津,ja,群馬大津
stops,stop_name,群馬大津,en,Gumma-Otsu
stops,stop_name,羽根尾,ja,羽根尾
stops,stop_name,羽根尾,en,Haneo
stops,stop_name,袋倉,ja,袋倉
stops,stop_name,袋倉,en,Fukurogura
stops,stop_name,万座・鹿沢口,ja,万座・鹿沢口
stops,stop_name,万座・鹿沢口,en,Manza-Kazawaguchi
stops,stop_name,大前,ja,大前
stops,stop_name,大前,en,Omae
stops,stop_name,東京,ja,東京
stops,stop_name,東京,en,Tokyo
stops,stop_name,神田,ja,神田
stops,stop_name,神田,en,Kanda
stops,stop_name,御茶ノ水,ja,御茶ノ水
stops,stop_name,御茶ノ水,en,Ochanomizu
stops,stop_name,四ツ谷,ja,四ツ谷
stops,stop_name,四ツ谷,en,Yotsuya
stops,stop_name,新宿,ja,新宿
stops,stop_name,新宿,en,Shinjuku
stops,stop_name,中野,ja,中野
stops,stop_name,中野,en,Nakano
stops,stop_name,高円寺,ja,高円寺
stops,stop_name,高円寺,en,Koenji
stops,stop_name,阿佐ケ谷,ja,阿佐ケ谷
stops,stop_name,阿佐ケ谷,en,Asagaya
stops,stop_name,荻窪,ja,荻窪
stops,stop_name,荻窪,en,Ogikubo
stops,stop_name,西荻窪,ja,西荻窪
stops,stop_name,西荻窪,en,Nishi-Ogikubo
stops,stop_name,吉祥寺,ja,吉祥寺
stops,stop_name,吉祥寺,en,Kichijoji
stops,stop_name,三鷹,ja,三鷹
stops,stop_name,三鷹,en,Mitaka
stops,stop_name,武蔵境,ja,武蔵境
stops,stop_name,武蔵境,en,Musashi-Sakai
stops,stop_name,東小金井,ja,東小金井
stops,stop_name,東小金井,en,Higashi-Koganei
stops,stop_name,武蔵小金井,ja,武蔵小金井
stops,stop_name,武蔵小金井,en,Musashi-Koganei
stops,stop_name,国分寺,ja,国分寺
stops,stop_name,国分寺,en,Kokubunji
stops,stop_name,西国分寺,ja,西国分寺
stops,stop_name,西国分寺,en,Nishi-Kokubunji
stops,stop_name,国立,ja,国立
stops,stop_name,国立,en,Kunitachi
stops,stop_name,立川,ja,立川
stops,stop_name,立川,en,Tachikawa
stops,stop_name,日野,ja,日野
stops,stop_name,日野,en,Hino
stops,stop_name,豊田,ja,豊田
stops,stop_name,豊田,en,Toyoda
stops,stop_name,八王子,ja,八王子
stops,stop_name,八王子,en,Hachioji
stops,stop_name,西八王子,ja,西八王子
stops,stop_name,西八王子,en,Nishi-Hachioji
stops,stop_name,高尾,ja,高尾
stops,stop_name,高尾,en,Takao
stops,stop_name,千葉,ja,千葉
stops,stop_name,千葉,en,Chiba
stops,stop_name,西千葉,ja,西千葉
stops,stop_name,西千葉,en,Nishi-Chiba
stops,stop_name,稲毛,ja,稲毛
stops,stop_name,稲毛,en,Inage
stops,stop_name,新検見川,ja,新検見川
stops,stop_name,新検見川,en,Shin-Kemigawa
stops,stop_name,幕張,ja,幕張
stops,stop_name,幕張,en,Makuhari
stops,stop_name,幕張本郷,ja,幕張本郷
stops,stop_name,幕張本郷,en,Makuharihongo
stops,stop_name,津田沼,ja,津田沼
stops,stop_name,津田沼,en,Tsudanuma
stops,stop_name,東船橋,ja,東船橋
stops,stop_name,東船橋,en,Higashi-Funabashi
stops,stop_name,船橋,ja,船橋
stops,stop_name,船橋,en,Funabashi
stops,stop_name,西船橋,ja,西船橋
stops,stop_name,西船橋,en,Nishi-Funabashi
stops,stop_name,下総中山,ja,下総中山
stops,stop_name,下総中山,en,Shimosa-Nakayama
stops,stop_name,本八幡,ja,本八幡
stops,stop_name,本八幡,en,Moto-Yawata
stops,stop_name,市川,ja,市川
stops,stop_name,市川,en,Ichikawa
stops,stop_name,小岩,ja,小岩
stops,stop_name,小岩,en,Koiwa
stops,stop_name,新小岩,ja,新小岩
stops,stop_name,新小岩,en,Shin-Koiwa
stops,stop_name,平井,ja,平井
stops,stop_name,平井,en,Hirai
stops,stop_name,亀戸,ja,亀戸
stops,stop_name,亀戸,en,Kameido
stops,stop_name,錦糸町,ja,錦糸町
stops,stop_name,錦糸町,en,Kinshicho
stops,stop_name,両国,ja,両国
stops,stop_name,両国,en,Ryogoku
stops,stop_name,浅草橋,ja,浅草橋
stops,stop_name,浅草橋,en,Asakusabashi
stops,stop_name,秋葉原,ja,秋葉原
stops,stop_name,秋葉原,en,Akihabara
stops,stop_name,水道橋,ja,水道橋
stops,stop_name,水道橋,en,Suidobashi
stops,stop_name,飯田橋,ja,飯田橋
stops,stop_name,飯田橋,en,Iidabashi
stops,stop_name,市ケ谷,ja,市ケ谷
stops,stop_name,市ケ谷,en,Ichigaya
stops,stop_name,信濃町,ja,信濃町
stops,stop_name,信濃町,en,Shinanomachi
stops,stop_name,千駄ケ谷,ja,千駄ケ谷
stops,stop_name,千駄ケ谷,en,Sendagaya
stops,stop_name,代々木,ja,代々木
stops,stop_name,代々木,en,Yoyogi
stops,stop_name,大久保,ja,大久保
stops,stop_name,大久保,en,Okubo
stops,stop_name,東中野,ja,東中野
stops,stop_name,東中野,en,Higashi-Nakano
stops,stop_name,北八王子,ja,北八王子
stops,stop_name,北八王子,en,Kita-Hachioji
stops,stop_name,小宮,ja,小宮
stops,stop_name,小宮,en,Komiya
stops,stop_name,拝島,ja,拝島
stops,stop_name,拝島,en,Haijima
stops,stop_name,東福生,ja,東福生
stops,stop_name,東福生,en,Higashi-Fussa
stops,stop_name,箱根ケ崎,ja,箱根ケ崎
stops,stop_name,箱根ケ崎,en,Hakonegasaki
stops,stop_name,金子,ja,金子
stops,stop_name,金子,en,Kaneko
stops,stop_name,東飯能,ja,東飯能
stops,stop_name,東飯能,en,Higashi-Hanno
stops,stop_name,高麗川,ja,高麗川
stops,stop_name,高麗川,en,Komagawa
stops,stop_name,毛呂,ja,毛呂
stops,stop_name,毛呂,en,Moro
stops,stop_name,越生,ja,越生
stops,stop_name,越生,en,Ogose
stops,stop_name,明覚,ja,明覚
stops,stop_name,明覚,en,Myokaku
stops,stop_name,小川町,ja,小川町
stops,stop_name,小川町,en,Ogawamachi
stops,stop_name,竹沢,ja,竹沢
stops,stop_name,竹沢,en,Takezawa
stops,stop_name,折原,ja,折原
stops,stop_name,折原,en,Orihara
stops,stop_name,寄居,ja,寄居
stops,stop_name,寄居,en,Yorii
stops,stop_name,用土,ja,用土
stops,stop_name,用土,en,Yodo
stops,stop_name,松久,ja,松久
stops,stop_name,松久,en,Matsuhisa
stops,stop_name,児玉,ja,児玉
stops,stop_name,児玉,en,Kodama
stops,stop_name,丹荘,ja,丹荘
stops,stop_name,丹荘,en,Tansho
stops,stop_name,群馬藤岡,ja,群馬藤岡
stops,stop_name,群馬藤岡,en,Gumma-Fujioka
stops,stop_name,北藤岡,ja,北藤岡
stops,stop_name,北藤岡,en,Kita-Fujioka
stops,stop_name,倉賀野,ja,倉賀野
stops,stop_name,倉賀野,en,Kuragano
stops,stop_name,高崎,ja,高崎
stops,stop_name,高崎,en,Takasaki
stops,stop_name,熱海,ja,熱海
stops,stop_name,熱海,en,Atami
stops,stop_name,来宮,ja,来宮
stops,stop_name,来宮,en,Kinomiya
stops,stop_name,伊豆多賀,ja,伊豆多賀
stops,stop_name,伊豆多賀,en,Izu-Taga
stops,stop_name,網代,ja,網代
stops,stop_name,網代,en,Ajiro
stops,stop_name,宇佐美,ja,宇佐美
stops,stop_name,宇佐美,en,Usami
stops,stop_name,伊東,ja,伊東
stops,stop_name,伊東,en,Ito
stops,stop_name,熊川,ja,熊川
stops,stop_name,熊川,en,Kumagawa
stops,stop_name,東秋留,ja,東秋留
stops,stop_name,東秋留,en,Higashi-Akiru
stops,stop_name,秋川,ja,秋川
stops,stop_name,秋川,en,Akigawa
stops,stop_name,武蔵引田,ja,武蔵引田
stops,stop_name,武蔵引田,en,Musashi-Hikida
stops,stop_name,武蔵増戸,ja,武蔵増戸
stops,stop_name,武蔵増戸,en,Musashi-Masuko
stops,stop_name,武蔵五日市,ja,武蔵五日市
stops,stop_name,武蔵五日市,en,Musashi-Itsukaichi
stops,stop_name,取手,ja,取手
stops,stop_name,取手,en,Toride
stops,stop_name,藤代,ja,藤代
stops,stop_name,藤代,en,Fujishiro
stops,stop_name,龍ケ崎市,ja,龍ケ崎市
stops,stop_name,龍ケ崎市,en,Ryugasakishi
stops,stop_name,牛久,ja,牛久
stops,stop_name,牛久,en,Ushiku
stops,stop_name,ひたち野うしく,ja,ひたち野うしく
stops,stop_name,ひたち野うしく,en,Hitachinoushiku
stops,stop_name,荒川沖,ja,荒川沖
stops,stop_name,荒川沖,en,Arakawaoki
stops,stop_name,土浦,ja,土浦
stops,stop_name,土浦,en,Tsuchiura
stops,stop_name,神立,ja,神立
stops,stop_name,神立,en,Kandatsu
stops,stop_name,高浜,ja,高浜
stops,stop_name,高浜,en,Takahama
stops,stop_name,石岡,ja,石岡
stops,stop_name,石岡,en,Ishioka
stops,stop_name,羽鳥,ja,羽鳥
stops,stop_name,羽鳥,en,Hatori
stops,stop_name,岩間,ja,岩間
stops,stop_name,岩間,en,Iwama
stops,stop_name,友部,ja,友部
stops,stop_name,友部,en,Tomobe
stops,stop_name,内原,ja,内原
stops,stop_name,内原,en,Uchihara
stops,stop_name,赤塚,ja,赤塚
stops,stop_name,赤塚,en,Akatsuka
stops,stop_name,偕楽園,ja,偕楽園
stops,stop_name,偕楽園,en,Kairakuen
stops,stop_name,水戸,ja,水戸
stops,stop_name,水戸,en,Mito
stops,stop_name,勝田,ja,勝田
stops,stop_name,勝田,en,Katsuta
stops,stop_name,佐和,ja,佐和
stops,stop_name,佐和,en,Sawa
stops,stop_name,東海,ja,東海
stops,stop_name,東海,en,Tokai
stops,stop_name,大甕,ja,大甕
stops,stop_name,大甕,en,Omika
stops,stop_name,常陸多賀,ja,常陸多賀
stops,stop_name,常陸多賀,en,Hitachi-Taga
stops,stop_name,日立,ja,日立
stops,stop_name,日立,en,Hitachi
stops,stop_name,小木津,ja,小木津
stops,stop_name,小木津,en,Ogitsu
stops,stop_name,十王,ja,十王
stops,stop_name,十王,en,Juo
stops,stop_name,高萩,ja,高萩
stops,stop_name,高萩,en,Takahagi
stops,stop_name,南中郷,ja,南中郷
stops,stop_name,南中郷,en,Minami-Nakago
stops,stop_name,磯原,ja,磯原
stops,stop_name,磯原,en,Isohara
stops,stop_name,大津港,ja,大津港
stops,stop_name,大津港,en,Otsuko
stops,stop_name,勿来,ja,勿来
stops,stop_name,勿来,en,Nakoso
stops,stop_name,植田,ja,植田
stops,stop_name,植田,en,Ueda
stops,stop_name,泉,ja,泉
stops,stop_name,泉,en,Izumi
stops,stop_name,湯本,ja,湯本
stops,stop_name,湯本,en,Yumoto
stops,stop_name,内郷,ja,内郷
stops,stop_name,内郷,en,Uchigo
stops,stop_name,いわき,ja,いわき
stops,stop_name,いわき,en,Iwaki
stops,stop_name,草野,ja,草野
stops,stop_name,草野,en,Kusano
stops,stop_name,四ツ倉,ja,四ツ倉
stops,stop_name,四ツ倉,en,Yotsukura
stops,stop_name,久ノ浜,ja,久ノ浜
stops,stop_name,久ノ浜,en,Hisanohama
stops,stop_name,末続,ja,末続
stops,stop_name,末続,en,Suetsugi
stops,stop_name,広野,ja,広野
stops,stop_name,広野,en,Hirono
stops,stop_name,Ｊヴィレッジ,ja,Ｊヴィレッジ
stops,stop_name,Ｊヴィレッジ,en,J-Village
stops,stop_name,木戸,ja,木戸
stops,stop_name,木戸,en,Kido
stops,stop_name,竜田,ja,竜田
stops,stop_name,竜田,en,Tatsuta
stops,stop_name,富岡,ja,富岡
stops,stop_name,富岡,en,Tomioka
stops,stop_name,夜ノ森,ja,夜ノ森
stops,stop_name,夜ノ森,en,Yonomori
stops,stop_name,大野,ja,大野
stops,stop_name,大野,en,Ono
stops,stop_name,双葉,ja,双葉
stops,stop_name,双葉,en,Futaba
stops,stop_name,浪江,ja,浪江
stops,stop_name,浪江,en,Namie
stops,stop_name,桃内,ja,桃内
stops,stop_name,桃内,en,Momouchi
stops,stop_name,小高,ja,小高
stops,stop_name,小高,en,Odaka
stops,stop_name,磐城太田,ja,磐城太田
stops,stop_name,磐城太田,en,Iwaki-Ota
stops,stop_name,原ノ町,ja,原ノ町
stops,stop_name,原ノ町,en,Haranomachi
stops,stop_name,鹿島,ja,鹿島
stops,stop_name,鹿島,en,Kashima
stops,stop_name,日立木,ja,日立木
stops,stop_name,日立木,en,Nittaki
stops,stop_name,相馬,ja,相馬
stops,stop_name,相馬,en,Soma
stops,stop_name,駒ケ嶺,ja,駒ケ嶺
stops,stop_name,駒ケ嶺,en,Komagamine
stops,stop_name,新地,ja,新地
stops,stop_name,新地,en,Shinchi
stops,stop_name,坂元,ja,坂元
stops,stop_name,坂元,en,Sakamoto
stops,stop_name,山下,ja,山下
stops,stop_name,山下,en,Yamashita
stops,stop_name,浜吉田,ja,浜吉田
stops,stop_name,浜吉田,en,Hamayoshida
stops,stop_name,亘理,ja,亘理
stops,stop_name,亘理,en,Watari
stops,stop_name,逢隈,ja,逢隈
stops,stop_name,逢隈,en,Okuma
stops,stop_name,岩沼,ja,岩沼
stops,stop_name,岩沼,en,Iwanuma
stops,stop_name,館腰,ja,館腰
stops,stop_name,館腰,en,Tatekoshi
stops,stop_name,名取,ja,名取
stops,stop_name,名取,en,Natori
stops,stop_name,南仙台,ja,南仙台
stops,stop_name,南仙台,en,Minami-Sendai
stops,stop_name,太子堂,ja,太子堂
stops,stop_name,太子堂,en,Taishido
stops,stop_name,長町,ja,長町
stops,stop_name,長町,en,Nagamachi
stops,stop_name,仙台,ja,仙台
stops,stop_name,仙台,en,Sendai
stops,stop_name,綾瀬,ja,綾瀬
stops,stop_name,綾瀬,en,Ayase
stops,stop_name,亀有,ja,亀有
stops,stop_name,亀有,en,Kameari
stops,stop_name,金町,ja,金町
stops,stop_name,金町,en,Kanamachi
stops,stop_name,松戸,ja,松戸
stops,stop_name,松戸,en,Matsudo
stops,stop_name,北松戸,ja,北松戸
stops,stop_name,北松戸,en,Kita-Matsudo
stops,stop_name,馬橋,ja,馬橋
stops,stop_name,馬橋,en,Mabashi
stops,stop_name,新松戸,ja,新松戸
stops,stop_name,新松戸,en,Shim-Matsudo
stops,stop_name,北小金,ja,北小金
stops,stop_name,北小金,en,Kita-Kogane
stops,stop_name,南柏,ja,南柏
stops,stop_name,南柏,en,Minami-Kashiwa
stops,stop_name,柏,ja,柏
stops,stop_name,柏,en,Kashiwa
stops,stop_name,北柏,ja,北柏
stops,stop_name,北柏,en,Kita-Kashiwa
stops,stop_name,我孫子,ja,我孫子
stops,stop_name,我孫子,en,Abiko
stops,stop_name,天王台,ja,天王台
stops,stop_name,天王台,en,Tennodai
stops,stop_name,品川,ja,品川
stops,stop_name,品川,en,Shinagawa
stops,stop_name,新橋,ja,新橋
stops,stop_name,新橋,en,Shimbashi
stops,stop_name,上野,ja,上野
stops,stop_name,上野,en,Ueno
stops,stop_name,日暮里,ja,日暮里
stops,stop_name,日暮里,en,Nippori
stops,stop_name,三河島,ja,三河島
stops,stop_name,三河島,en,Mikawashima
stops,stop_name,南千住,ja,南千住
stops,stop_name,南千住,en,Minami-Senju
stops,stop_name,北千住,ja,北千住
stops,stop_name,北千住,en,Kita-Senju
stops,stop_name,高崎問屋町,ja,高崎問屋町
stops,stop_name,高崎問屋町,en,Takasakitonyamachi
stops,stop_name,井野,ja,井野
stops,stop_name,井野,en,Ino
stops,stop_name,新前橋,ja,新前橋
stops,stop_name,新前橋,en,Shim-Maebashi
stops,stop_name,群馬総社,ja,群馬総社
stops,stop_name,群馬総社,en,Gumma-Soja
stops,stop_name,八木原,ja,八木原
stops,stop_name,八木原,en,Yagihara
stops,stop_name,敷島,ja,敷島
stops,stop_name,敷島,en,Shikishima
stops,stop_name,津久田,ja,津久田
stops,stop_name,津久田,en,Tsukuda
stops,stop_name,岩本,ja,岩本
stops,stop_name,岩本,en,Iwamoto
stops,stop_name,沼田,ja,沼田
stops,stop_name,沼田,en,Numata
stops,stop_name,後閑,ja,後閑
stops,stop_name,後閑,en,Gokan
stops,stop_name,上牧,ja,上牧
stops,stop_name,上牧,en,Kamimoku
stops,stop_name,水上,ja,水上
stops,stop_name,水上,en,Minakami
stops,stop_name,湯檜曽,ja,湯檜曽
stops,stop_name,湯檜曽,en,Yubiso
stops,stop_name,土合,ja,土合
stops,stop_name,土合,en,Doai
stops,stop_name,土樽,ja,土樽
stops,stop_name,土樽,en,Tsuchitaru
stops,stop_name,越後中里,ja,越後中里
stops,stop_name,越後中里,en,Echigo-Nakazato
stops,stop_name,岩原スキー場前,ja,岩原スキー場前
stops,stop_name,岩原スキー場前,en,Iwappara Skiing Ground
stops,stop_name,越後湯沢,ja,越後湯沢
stops,stop_name,越後湯沢,en,Echigo-Yuzawa
stops,stop_name,石打,ja,石打
stops,stop_name,石打,en,Ishiuchi
stops,stop_name,大沢,ja,大沢
stops,stop_name,大沢,en,Osawa
stops,stop_name,上越国際スキー場前,ja,上越国際スキー場前
stops,stop_name,上越国際スキー場前,en,Joetsu International Skiing Ground
stops,stop_name,塩沢,ja,塩沢
stops,stop_name,塩沢,en,Shiozawa
stops,stop_name,六日町,ja,六日町
stops,stop_name,六日町,en,Muikamachi
stops,stop_name,五日町,ja,五日町
stops,stop_name,五日町,en,Itsukamachi
stops,stop_name,浦佐,ja,浦佐
stops,stop_name,浦佐,en,Urasa
stops,stop_name,八色,ja,八色
stops,stop_name,八色,en,Yairo
stops,stop_name,小出,ja,小出
stops,stop_name,小出,en,Koide
stops,stop_name,越後堀之内,ja,越後堀之内
stops,stop_name,越後堀之内,en,Echigo-Horinouchi
stops,stop_name,北堀之内,ja,北堀之内
stops,stop_name,北堀之内,en,Kita-Horinouchi
stops,stop_name,越後川口,ja,越後川口
stops,stop_name,越後川口,en,Echigo-Kawaguchi
stops,stop_name,小千谷,ja,小千谷
stops,stop_name,小千谷,en,Ojiya
stops,stop_name,越後滝谷,ja,越後滝谷
stops,stop_name,越後滝谷,en,Echigo-Takiya
stops,stop_name,宮内,ja,宮内
stops,stop_name,宮内,en,Miyauchi
stops,stop_name,長岡,ja,長岡
stops,stop_name,長岡,en,Nagaoka
stops,stop_name,佐原,ja,佐原
stops,stop_name,佐原,en,Sawara
stops,stop_name,香取,ja,香取
stops,stop_name,香取,en,Katori
stops,stop_name,十二橋,ja,十二橋
stops,stop_name,十二橋,en,Junikyo
stops,stop_name,潮来,ja,潮来
stops,stop_name,潮来,en,Itako
stops,stop_name,延方,ja,延方
stops,stop_name,延方,en,Nobukata
stops,stop_name,鹿島神宮,ja,鹿島神宮
stops,stop_name,鹿島神宮,en,Kashimajingu
stops,stop_name,鹿島サッカースタジアム,ja,鹿島サッカースタジアム
stops,stop_name,鹿島サッカースタジアム,en,Kashima Soccer Stadium
stops,stop_name,川越,ja,川越
stops,stop_name,川越,en,Kawagoe
stops,stop_name,西川越,ja,西川越
stops,stop_name,西川越,en,Nishi-Kawagoe
stops,stop_name,的場,ja,的場
stops,stop_name,的場,en,Matoba
stops,stop_name,笠幡,ja,笠幡
stops,stop_name,笠幡,en,Kasahata
stops,stop_name,武蔵高萩,ja,武蔵高萩
stops,stop_name,武蔵高萩,en,Musashi-Takahagi
stops,stop_name,大宮,ja,大宮
stops,stop_name,大宮,en,Omiya
stops,stop_name,さいたま新都心,ja,さいたま新都心
stops,stop_name,さいたま新都心,en,Saitama-Shintoshin
stops,stop_name,与野,ja,与野
stops,stop_name,与野,en,Yono
stops,stop_name,北浦和,ja,北浦和
stops,stop_name,北浦和,en,Kita-Urawa
stops,stop_name,浦和,ja,浦和
stops,stop_name,浦和,en,Urawa
stops,stop_name,南浦和,ja,南浦和
stops,stop_name,南浦和,en,Minami-Urawa
stops,stop_name,蕨,ja,蕨
stops,stop_name,蕨,en,Warabi
stops,stop_name,西川口,ja,西川口
stops,stop_name,西川口,en,Nishi-Kawaguchi
stops,stop_name,川口,ja,川口
stops,stop_name,川口,en,Kawaguchi
stops,stop_name,赤羽,ja,赤羽
stops,stop_name,赤羽,en,Akabane
stops,stop_name,東十条,ja,東十条
stops,stop_name,東十条,en,Higashi-Jujo
stops,stop_name,王子,ja,王子
stops,stop_name,王子,en,Oji
stops,stop_name,上中里,ja,上中里
stops,stop_name,上中里,en,Kami-Nakazato
stops,stop_name,田端,ja,田端
stops,stop_name,田端,en,Tabata
stops,stop_name,西日暮里,ja,西日暮里
stops,stop_name,西日暮里,en,Nishi-Nippori
stops,stop_name,鶯谷,ja,鶯谷
stops,stop_name,鶯谷,en,Uguisudani
stops,stop_name,御徒町,ja,御徒町
stops,stop_name,御徒町,en,Okachimachi
stops,stop_name,有楽町,ja,有楽町
stops,stop_name,有楽町,en,Yurakucho
stops,stop_name,浜松町,ja,浜松町
stops,stop_name,浜松町,en,Hamamatsucho
stops,stop_name,田町,ja,田町
stops,stop_name,田町,en,Tamachi
stops,stop_name,高輪ゲートウェイ,ja,高輪ゲートウェイ
stops,stop_name,高輪ゲートウェイ,en,Takanawa Gateway
stops,stop_name,大井町,ja,大井町
stops,stop_name,大井町,en,Oimachi
stops,stop_name,大森,ja,大森
stops,stop_name,大森,en,Omori
stops,stop_name,蒲田,ja,蒲田
stops,stop_name,蒲田,en,Kamata
stops,stop_name,川崎,ja,川崎
stops,stop_name,川崎,en,Kawasaki
stops,stop_name,鶴見,ja,鶴見
stops,stop_name,鶴見,en,Tsurumi
stops,stop_name,新子安,ja,新子安
stops,stop_name,新子安,en,Shin-Koyasu
stops,stop_name,東神奈川,ja,東神奈川
stops,stop_name,東神奈川,en,Higashi-Kanagawa
stops,stop_name,横浜,ja,横浜
stops,stop_name,横浜,en,Yokohama
stops,stop_name,桜木町,ja,桜木町
stops,stop_name,桜木町,en,Sakuragicho
stops,stop_name,関内,ja,関内
stops,stop_name,関内,en,Kannai
stops,stop_name,石川町,ja,石川町
stops,stop_name,石川町,en,Ishikawacho
stops,stop_name,山手,ja,山手
stops,stop_name,山手,en,Yamate
stops,stop_name,根岸,ja,根岸
stops,stop_name,根岸,en,Negishi
stops,stop_name,磯子,ja,磯子
stops,stop_name,磯子,en,Isogo
stops,stop_name,新杉田,ja,新杉田
stops,stop_name,新杉田,en,Shin-Sugita
stops,stop_name,洋光台,ja,洋光台
stops,stop_name,洋光台,en,Yokodai
stops,stop_name,港南台,ja,港南台
stops,stop_name,港南台,en,Konandai
stops,stop_name,本郷台,ja,本郷台
stops,stop_name,本郷台,en,Hongodai
stops,stop_name,大船,ja,大船
stops,stop_name,大船,en,Ofuna
stops,stop_name,八丁堀,ja,八丁堀
stops,stop_name,八丁堀,en,Hatchobori
stops,stop_name,越中島,ja,越中島
stops,stop_name,越中島,en,Etchujima
stops,stop_name,潮見,ja,潮見
stops,stop_name,潮見,en,Shiomi
stops,stop_name,新木場,ja,新木場
stops,stop_name,新木場,en,Shin-Kiba
stops,stop_name,葛西臨海公園,ja,葛西臨海公園
stops,stop_name,葛西臨海公園,en,Kasai-Rinkai Park
stops,stop_name,舞浜,ja,舞浜
stops,stop_name,舞浜,en,Maihama
stops,stop_name,新浦安,ja,新浦安
stops,stop_name,新浦安,en,Shin-Urayasu
stops,stop_name,市川塩浜,ja,市川塩浜
stops,stop_name,市川塩浜,en,Ichikawashiohama
stops,stop_name,二俣新町,ja,二俣新町
stops,stop_name,二俣新町,en,Futamatashimmachi
stops,stop_name,南船橋,ja,南船橋
stops,stop_name,南船橋,en,Minami-Funabashi
stops,stop_name,新習志野,ja,新習志野
stops,stop_name,新習志野,en,Shin-Narashino
stops,stop_name,幕張豊砂,ja,幕張豊砂
stops,stop_name,幕張豊砂,en,Makuharitoyosuna
stops,stop_name,海浜幕張,ja,海浜幕張
stops,stop_name,海浜幕張,en,Kaihimmakuhari
stops,stop_name,検見川浜,ja,検見川浜
stops,stop_name,検見川浜,en,Kemigawahama
stops,stop_name,稲毛海岸,ja,稲毛海岸
stops,stop_name,稲毛海岸,en,Inagekaigan
stops,stop_name,千葉みなと,ja,千葉みなと
stops,stop_name,千葉みなと,en,Chibaminato
stops,stop_name,蘇我,ja,蘇我
stops,stop_name,蘇我,en,Soga
stops,stop_name,木更津,ja,木更津
stops,stop_name,木更津,en,Kisarazu
stops,stop_name,祇園,ja,祇園
stops,stop_name,祇園,en,Gion
stops,stop_name,上総清川,ja,上総清川
stops,stop_name,上総清川,en,Kazusa-Kiyokawa
stops,stop_name,東清川,ja,東清川
stops,stop_name,東清川,en,Higashi-Kiyokawa
stops,stop_name,横田,ja,横田
stops,stop_name,横田,en,Yokota
stops,stop_name,東横田,ja,東横田
stops,stop_name,東横田,en,Higashi-Yokota
stops,stop_name,馬来田,ja,馬来田
stops,stop_name,馬来田,en,Makuta
stops,stop_name,下郡,ja,下郡
stops,stop_name,下郡,en,Shimogori
stops,stop_name,小櫃,ja,小櫃
stops,stop_name,小櫃,en,Obitsu
stops,stop_name,俵田,ja,俵田
stops,stop_name,俵田,en,Tawarada
stops,stop_name,久留里,ja,久留里
stops,stop_name,久留里,en,Kururi
stops,stop_name,平山,ja,平山
stops,stop_name,平山,en,Hirayama
stops,stop_name,上総松丘,ja,上総松丘
stops,stop_name,上総松丘,en,Kazusa-Matsuoka
stops,stop_name,上総亀山,ja,上総亀山
stops,stop_name,上総亀山,en,Kazusa-Kameyama
stops,stop_name,府中本町,ja,府中本町
stops,stop_name,府中本町,en,Fuchuhommachi
stops,stop_name,北府中,ja,北府中
stops,stop_name,北府中,en,Kita-Fuchu
stops,stop_name,新小平,ja,新小平
stops,stop_name,新小平,en,Shin-Kodaira
stops,stop_name,新秋津,ja,新秋津
stops,stop_name,新秋津,en,Shin-Akitsu
stops,stop_name,東所沢,ja,東所沢
stops,stop_name,東所沢,en,Higashi-Tokorozawa
stops,stop_name,新座,ja,新座
stops,stop_name,新座,en,Niiza
stops,stop_name,北朝霞,ja,北朝霞
stops,stop_name,北朝霞,en,Kita-Asaka
stops,stop_name,西浦和,ja,西浦和
stops,stop_name,西浦和,en,Nishi-Urawa
stops,stop_name,武蔵浦和,ja,武蔵浦和
stops,stop_name,武蔵浦和,en,Musashi-Urawa
stops,stop_name,東浦和,ja,東浦和
stops,stop_name,東浦和,en,Higashi-Urawa
stops,stop_name,東川口,ja,東川口
stops,stop_name,東川口,en,Higashi-Kawaguchi
stops,stop_name,南越谷,ja,南越谷
stops,stop_name,南越谷,en,Minami-Koshigaya
stops,stop_name,越谷レイクタウン,ja,越谷レイクタウン
stops,stop_name,越谷レイクタウン,en,Koshigaya Laketown
stops,stop_name,吉川,ja,吉川
stops,stop_name,吉川,en,Yoshikawa
stops,stop_name,吉川美南,ja,吉川美南
stops,stop_name,吉川美南,en,Yoshikawaminami
stops,stop_name,新三郷,ja,新三郷
stops,stop_name,新三郷,en,Shim-Misato
stops,stop_name,三郷,ja,三郷
stops,stop_name,三郷,en,Misato
stops,stop_name,南流山,ja,南流山
stops,stop_name,南流山,en,Minami-Nagareyama
stops,stop_name,新八柱,ja,新八柱
stops,stop_name,新八柱,en,Shin-Yahashira
stops,stop_name,東松戸,ja,東松戸
stops,stop_name,東松戸,en,Higashi-Matsudo
stops,stop_name,市川大野,ja,市川大野
stops,stop_name,市川大野,en,Ichikawaono
stops,stop_name,船橋法典,ja,船橋法典
stops,stop_name,船橋法典,en,Funabashihoten
stops,stop_name,尻手,ja,尻手
stops,stop_name,尻手,en,Shitte
stops,stop_name,矢向,ja,矢向
stops,stop_name,矢向,en,Yako
stops,stop_name,鹿島田,ja,鹿島田
stops,stop_name,鹿島田,en,Kashimada
stops,stop_name,平間,ja,平間
stops,stop_name,平間,en,Hirama
stops,stop_name,向河原,ja,向河原
stops,stop_name,向河原,en,Mukaigawara
stops,stop_name,武蔵小杉,ja,武蔵小杉
stops,stop_name,武蔵小杉,en,Musashi-Kosugi
stops,stop_name,武蔵中原,ja,武蔵中原
stops,stop_name,武蔵中原,en,Musashi-Nakahara
stops,stop_name,武蔵新城,ja,武蔵新城
stops,stop_name,武蔵新城,en,Musashi-Shinjo
stops,stop_name,武蔵溝ノ口,ja,武蔵溝ノ口
stops,stop_name,武蔵溝ノ口,en,Musashi-Mizonokuchi
stops,stop_name,津田山,ja,津田山
stops,stop_name,津田山,en,Tsudayama
stops,stop_name,久地,ja,久地
stops,stop_name,久地,en,Kuji
stops,stop_name,宿河原,ja,宿河原
stops,stop_name,宿河原,en,Shukugawara
stops,stop_name,登戸,ja,登戸
stops,stop_name,登戸,en,Noborito
stops,stop_name,中野島,ja,中野島
stops,stop_name,中野島,en,Nakanoshima
stops,stop_name,稲田堤,ja,稲田堤
stops,stop_name,稲田堤,en,Inadazutsumi
stops,stop_name,矢野口,ja,矢野口
stops,stop_name,矢野口,en,Yanokuchi
stops,stop_name,稲城長沼,ja,稲城長沼
stops,stop_name,稲城長沼,en,Inaginaganuma
stops,stop_name,南多摩,ja,南多摩
stops,stop_name,南多摩,en,Minami-Tama
stops,stop_name,分倍河原,ja,分倍河原
stops,stop_name,分倍河原,en,Bubaigawara
stops,stop_name,西府,ja,西府
stops,stop_name,西府,en,Nishifu
stops,stop_name,谷保,ja,谷保
stops,stop_name,谷保,en,Yaho
stops,stop_name,矢川,ja,矢川
stops,stop_name,矢川,en,Yagawa
stops,stop_name,西国立,ja,西国立
stops,stop_name,西国立,en,Nishi-Kunitachi
stops,stop_name,浜川崎,ja,浜川崎
stops,stop_name,浜川崎,en,Hama-Kawasaki
stops,stop_name,小田栄,ja,小田栄
stops,stop_name,小田栄,en,Odasakae
stops,stop_name,川崎新町,ja,川崎新町
stops,stop_name,川崎新町,en,Kawasakishimmachi
stops,stop_name,八丁畷,ja,八丁畷
stops,stop_name,八丁畷,en,Hatchonawate
stops,stop_name,佐倉,ja,佐倉
stops,stop_name,佐倉,en,Sakura
stops,stop_name,酒々井,ja,酒々井
stops,stop_name,酒々井,en,Shisui
stops,stop_name,成田,ja,成田
stops,stop_name,成田,en,Narita
stops,stop_name,久住,ja,久住
stops,stop_name,久住,en,Kuzumi
stops,stop_name,滑河,ja,滑河
stops,stop_name,滑河,en,Namegawa
stops,stop_name,下総神崎,ja,下総神崎
stops,stop_name,下総神崎,en,Shimosa-Kozaki
stops,stop_name,大戸,ja,大戸
stops,stop_name,大戸,en,Oto
stops,stop_name,水郷,ja,水郷
stops,stop_name,水郷,en,Suigo
stops,stop_name,小見川,ja,小見川
stops,stop_name,小見川,en,Omigawa
stops,stop_name,笹川,ja,笹川
stops,stop_name,笹川,en,Sasagawa
stops,stop_name,下総橘,ja,下総橘
stops,stop_name,下総橘,en,Shimosa-Tachibana
stops,stop_name,下総豊里,ja,下総豊里
stops,stop_name,下総豊里,en,Shimosa-Toyosato
stops,stop_name,椎柴,ja,椎柴
stops,stop_name,椎柴,en,Shiishiba
stops,stop_name,松岸,ja,松岸
stops,stop_name,松岸,en,Matsugishi
stops,stop_name,銚子,ja,銚子
stops,stop_name,銚子,en,Choshi
stops,stop_name,東我孫子,ja,東我孫子
stops,stop_name,東我孫子,en,Higashi-Abiko
stops,stop_name,湖北,ja,湖北
stops,stop_name,湖北,en,Kohoku
stops,stop_name,新木,ja,新木
stops,stop_name,新木,en,Araki
stops,stop_name,布佐,ja,布佐
stops,stop_name,布佐,en,Fusa
stops,stop_name,木下,ja,木下
stops,stop_name,木下,en,Kioroshi
stops,stop_name,小林,ja,小林
stops,stop_name,小林,en,Kobayashi
stops,stop_name,安食,ja,安食
stops,stop_name,安食,en,Ajiki
stops,stop_name,下総松崎,ja,下総松崎
stops,stop_name,下総松崎,en,Shimosa-Manzaki
stops,stop_name,空港第２ビル,ja,空港第２ビル
stops,stop_name,空港第２ビル,en,Narita Airport Terminal 2 and 3
stops,stop_name,成田空港,ja,成田空港
stops,stop_name,成田空港,en,Narita Airport Terminal 1
stops,stop_name,西立川,ja,西立川
stops,stop_name,西立川,en,Nishi-Tachikawa
stops,stop_name,東中神,ja,東中神
stops,stop_name,東中神,en,Higashi-Nakagami
stops,stop_name,中神,ja,中神
stops,stop_name,中神,en,Nakagami
stops,stop_name,昭島,ja,昭島
stops,stop_name,昭島,en,Akishima
stops,stop_name,牛浜,ja,牛浜
stops,stop_name,牛浜,en,Ushihama
stops,stop_name,福生,ja,福生
stops,stop_name,福生,en,Fussa
stops,stop_name,羽村,ja,羽村
stops,stop_name,羽村,en,Hamura
stops,stop_name,小作,ja,小作
stops,stop_name,小作,en,Ozaku
stops,stop_name,河辺,ja,河辺
stops,stop_name,河辺,en,Kabe
stops,stop_name,東青梅,ja,東青梅
stops,stop_name,東青梅,en,Higashi-Ome
stops,stop_name,青梅,ja,青梅
stops,stop_name,青梅,en,Ome
stops,stop_name,宮ノ平,ja,宮ノ平
stops,stop_name,宮ノ平,en,Miyanohira
stops,stop_name,日向和田,ja,日向和田
stops,stop_name,日向和田,en,Hinatawada
stops,stop_name,石神前,ja,石神前
stops,stop_name,石神前,en,Ishigamimae
stops,stop_name,二俣尾,ja,二俣尾
stops,stop_name,二俣尾,en,Futamatao
stops,stop_name,軍畑,ja,軍畑
stops,stop_name,軍畑,en,Ikusabata
stops,stop_name,沢井,ja,沢井
stops,stop_name,沢井,en,Sawai
stops,stop_name,御嶽,ja,御嶽
stops,stop_name,御嶽,en,Mitake
stops,stop_name,川井,ja,川井
stops,stop_name,川井,en,Kawai
stops,stop_name,古里,ja,古里
stops,stop_name,古里,en,Kori
stops,stop_name,鳩ノ巣,ja,鳩ノ巣
stops,stop_name,鳩ノ巣,en,Hatonosu
stops,stop_name,白丸,ja,白丸
stops,stop_name,白丸,en,Shiromaru
stops,stop_name,奥多摩,ja,奥多摩
stops,stop_name,奥多摩,en,Oku-Tama
stops,stop_name,茅ケ崎,ja,茅ケ崎
stops,stop_name,茅ケ崎,en,Chigasaki
stops,stop_name,北茅ケ崎,ja,北茅ケ崎
stops,stop_name,北茅ケ崎,en,Kita-Chigasaki
stops,stop_name,香川,ja,香川
stops,stop_name,香川,en,Kagawa
stops,stop_name,寒川,ja,寒川
stops,stop_name,寒川,en,Samukawa
stops,stop_name,宮山,ja,宮山
stops,stop_name,宮山,en,Miyayama
stops,stop_name,倉見,ja,倉見
stops,stop_name,倉見,en,Kurami
stops,stop_name,門沢橋,ja,門沢橋
stops,stop_name,門沢橋,en,Kadosawabashi
stops,stop_name,社家,ja,社家
stops,stop_name,社家,en,Shake
stops,stop_name,厚木,ja,厚木
stops,stop_name,厚木,en,Atsugi
stops,stop_name,海老名,ja,海老名
stops,stop_name,海老名,en,Ebina
stops,stop_name,入谷,ja,入谷
stops,stop_name,入谷,en,Iriya
stops,stop_name,相武台下,ja,相武台下
stops,stop_name,相武台下,en,Sobudaishita
stops,stop_name,下溝,ja,下溝
stops,stop_name,下溝,en,Shimomizo
stops,stop_name,原当麻,ja,原当麻
stops,stop_name,原当麻,en,Harataima
stops,stop_name,番田,ja,番田
stops,stop_name,番田,en,Banda
stops,stop_name,上溝,ja,上溝
stops,stop_name,上溝,en,Kamimizo
stops,stop_name,南橋本,ja,南橋本
stops,stop_name,南橋本,en,Minami-Hashimoto
stops,stop_name,橋本,ja,橋本
stops,stop_name,橋本,en,Hashimoto
stops,stop_name,大崎,ja,大崎
stops,stop_name,大崎,en,Osaki
stops,stop_name,恵比寿,ja,恵比寿
stops,stop_name,恵比寿,en,Ebisu
stops,stop_name,渋谷,ja,渋谷
stops,stop_name,渋谷,en,Shibuya
stops,stop_name,池袋,ja,池袋
stops,stop_name,池袋,en,Ikebukuro
stops,stop_name,板橋,ja,板橋
stops,stop_name,板橋,en,Itabashi
stops,stop_name,十条,ja,十条
stops,stop_name,十条,en,Jujo
stops,stop_name,北赤羽,ja,北赤羽
stops,stop_name,北赤羽,en,Kita-Akabane
stops,stop_name,浮間舟渡,ja,浮間舟渡
stops,stop_name,浮間舟渡,en,Ukimafunado
stops,stop_name,戸田公園,ja,戸田公園
stops,stop_name,戸田公園,en,Toda-Koen
stops,stop_name,戸田,ja,戸田
stops,stop_name,戸田,en,Toda
stops,stop_name,北戸田,ja,北戸田
stops,stop_name,北戸田,en,Kita-Toda
stops,stop_name,中浦和,ja,中浦和
stops,stop_name,中浦和,en,Naka-Urawa
stops,stop_name,南与野,ja,南与野
stops,stop_name,南与野,en,Minami-Yono
stops,stop_name,与野本町,ja,与野本町
stops,stop_name,与野本町,en,Yono-Hommachi
stops,stop_name,北与野,ja,北与野
stops,stop_name,北与野,en,Kita-Yono
stops,stop_name,日進,ja,日進
stops,stop_name,日進,en,Nisshin
stops,stop_name,西大宮,ja,西大宮
stops,stop_name,西大宮,en,Nishi-Omiya
stops,stop_name,指扇,ja,指扇
stops,stop_name,指扇,en,Sashiogi
stops,stop_name,南古谷,ja,南古谷
stops,stop_name,南古谷,en,Minami-Furuya
stops,stop_name,戸塚,ja,戸塚
stops,stop_name,戸塚,en,Totsuka
stops,stop_name,東戸塚,ja,東戸塚
stops,stop_name,東戸塚,en,Higashi-Totsuka
stops,stop_name,保土ケ谷,ja,保土ケ谷
stops,stop_name,保土ケ谷,en,Hodogaya
stops,stop_name,新川崎,ja,新川崎
stops,stop_name,新川崎,en,Shin-Kawasaki
stops,stop_name,西大井,ja,西大井
stops,stop_name,西大井,en,Nishi-Oi
stops,stop_name,東千葉,ja,東千葉
stops,stop_name,東千葉,en,Higashi-Chiba
stops,stop_name,都賀,ja,都賀
stops,stop_name,都賀,en,Tsuga
stops,stop_name,四街道,ja,四街道
stops,stop_name,四街道,en,Yotsukaido
stops,stop_name,物井,ja,物井
stops,stop_name,物井,en,Monoi
stops,stop_name,南酒々井,ja,南酒々井
stops,stop_name,南酒々井,en,Minami-Shisui
stops,stop_name,榎戸,ja,榎戸
stops,stop_name,榎戸,en,Enokido
stops,stop_name,八街,ja,八街
stops,stop_name,八街,en,Yachimata
stops,stop_name,日向,ja,日向
stops,stop_name,日向,en,Hyuga
stops,stop_name,成東,ja,成東
stops,stop_name,成東,en,Naruto
stops,stop_name,松尾,ja,松尾
stops,stop_name,松尾,en,Matsuo
stops,stop_name,横芝,ja,横芝
stops,stop_name,横芝,en,Yokoshiba
stops,stop_name,飯倉,ja,飯倉
stops,stop_name,飯倉,en,Iigura
stops,stop_name,八日市場,ja,八日市場
stops,stop_name,八日市場,en,Yokaichiba
stops,stop_name,干潟,ja,干潟
stops,stop_name,干潟,en,Higata
stops,stop_name,旭,ja,旭
stops,stop_name,旭,en,Asahi
stops,stop_name,飯岡,ja,飯岡
stops,stop_name,飯岡,en,Iioka
stops,stop_name,倉橋,ja,倉橋
stops,stop_name,倉橋,en,Kurahashi
stops,stop_name,猿田,ja,猿田
stops,stop_name,猿田,en,Saruda
stops,stop_name,新日本橋,ja,新日本橋
stops,stop_name,新日本橋,en,Shin-Nihombashi
stops,stop_name,馬喰町,ja,馬喰町
stops,stop_name,馬喰町,en,Bakurocho
stops,stop_name,羽沢横浜国大,ja,羽沢横浜国大
stops,stop_name,羽沢横浜国大,en,Hazawa-Yokohama-Kokudai
stops,stop_name,本千葉,ja,本千葉
stops,stop_name,本千葉,en,Hon-Chiba
stops,stop_name,鎌取,ja,鎌取
stops,stop_name,鎌取,en,Kamatori
stops,stop_name,誉田,ja,誉田
stops,stop_name,誉田,en,Honda
stops,stop_name,土気,ja,土気
stops,stop_name,土気,en,Toke
stops,stop_name,大網,ja,大網
stops,stop_name,大網,en,Oami
stops,stop_name,永田,ja,永田
stops,stop_name,永田,en,Nagata
stops,stop_name,本納,ja,本納
stops,stop_name,本納,en,Honno
stops,stop_name,新茂原,ja,新茂原
stops,stop_name,新茂原,en,Shim-Mobara
stops,stop_name,茂原,ja,茂原
stops,stop_name,茂原,en,Mobara
stops,stop_name,八積,ja,八積
stops,stop_name,八積,en,Yatsumi
stops,stop_name,上総一ノ宮,ja,上総一ノ宮
stops,stop_name,上総一ノ宮,en,Kazusa-Ichinomiya
stops,stop_name,東浪見,ja,東浪見
stops,stop_name,東浪見,en,Torami
stops,stop_name,太東,ja,太東
stops,stop_name,太東,en,Taito
stops,stop_name,長者町,ja,長者町
stops,stop_name,長者町,en,Chojamachi
stops,stop_name,三門,ja,三門
stops,stop_name,三門,en,Mikado
stops,stop_name,大原,ja,大原
stops,stop_name,大原,en,Ohara
stops,stop_name,浪花,ja,浪花
stops,stop_name,浪花,en,Namihana
stops,stop_name,御宿,ja,御宿
stops,stop_name,御宿,en,Onjuku
stops,stop_name,勝浦,ja,勝浦
stops,stop_name,勝浦,en,Katsuura
stops,stop_name,鵜原,ja,鵜原
stops,stop_name,鵜原,en,Ubara
stops,stop_name,上総興津,ja,上総興津
stops,stop_name,上総興津,en,Kazusa-Okitsu
stops,stop_name,行川アイランド,ja,行川アイランド
stops,stop_name,行川アイランド,en,Namegawa Island
stops,stop_name,安房小湊,ja,安房小湊
stops,stop_name,安房小湊,en,Awa-Kominato
stops,stop_name,安房天津,ja,安房天津
stops,stop_name,安房天津,en,Awa-Amatsu
stops,stop_name,安房鴨川,ja,安房鴨川
stops,stop_name,安房鴨川,en,Awa-Kamogawa
stops,stop_name,尾久,ja,尾久
stops,stop_name,尾久,en,Oku
stops,stop_name,宮原,ja,宮原
stops,stop_name,宮原,en,Miyahara
stops,stop_name,上尾,ja,上尾
stops,stop_name,上尾,en,Ageo
stops,stop_name,北上尾,ja,北上尾
stops,stop_name,北上尾,en,Kita-Ageo
stops,stop_name,桶川,ja,桶川
stops,stop_name,桶川,en,Okegawa
stops,stop_name,北本,ja,北本
stops,stop_name,北本,en,Kitamoto
stops,stop_name,鴻巣,ja,鴻巣
stops,stop_name,鴻巣,en,Konosu
stops,stop_name,北鴻巣,ja,北鴻巣
stops,stop_name,北鴻巣,en,Kita-Konosu
stops,stop_name,吹上,ja,吹上
stops,stop_name,吹上,en,Fukiage
stops,stop_name,行田,ja,行田
stops,stop_name,行田,en,Gyoda
stops,stop_name,熊谷,ja,熊谷
stops,stop_name,熊谷,en,Kumagaya
stops,stop_name,籠原,ja,籠原
stops,stop_name,籠原,en,Kagohara
stops,stop_name,深谷,ja,深谷
stops,stop_name,深谷,en,Fukaya
stops,stop_name,岡部,ja,岡部
stops,stop_name,岡部,en,Okabe
stops,stop_name,本庄,ja,本庄
stops,stop_name,本庄,en,Honjo
stops,stop_name,神保原,ja,神保原
stops,stop_name,神保原,en,Jimbohara
stops,stop_name,新町,ja,新町
stops,stop_name,新町,en,Shimmachi
stops,stop_name,福俵,ja,福俵
stops,stop_name,福俵,en,Fukutawara
stops,stop_name,東金,ja,東金
stops,stop_name,東金,en,Togane
stops,stop_name,求名,ja,求名
stops,stop_name,求名,en,Gumyo
stops,stop_name,藤沢,ja,藤沢
stops,stop_name,藤沢,en,Fujisawa
stops,stop_name,辻堂,ja,辻堂
stops,stop_name,辻堂,en,Tsujido
stops,stop_name,平塚,ja,平塚
stops,stop_name,平塚,en,Hiratsuka
stops,stop_name,大磯,ja,大磯
stops,stop_name,大磯,en,Oiso
stops,stop_name,二宮,ja,二宮
stops,stop_name,二宮,en,Ninomiya
stops,stop_name,国府津,ja,国府津
stops,stop_name,国府津,en,Kozu
stops,stop_name,鴨宮,ja,鴨宮
stops,stop_name,鴨宮,en,Kamonomiya
stops,stop_name,小田原,ja,小田原
stops,stop_name,小田原,en,Odawara
stops,stop_name,早川,ja,早川
stops,stop_name,早川,en,Hayakawa
stops,stop_name,根府川,ja,根府川
stops,stop_name,根府川,en,Nebukawa
stops,stop_name,真鶴,ja,真鶴
stops,stop_name,真鶴,en,Manazuru
stops,stop_name,湯河原,ja,湯河原
stops,stop_name,湯河原,en,Yugawara
stops,stop_name,国道,ja,国道
stops,stop_name,国道,en,Kokudo
stops,stop_name,鶴見小野,ja,鶴見小野
stops,stop_name,鶴見小野,en,Tsurumiono
stops,stop_name,弁天橋,ja,弁天橋
stops,stop_name,弁天橋,en,Bentembashi
stops,stop_name,浅野,ja,浅野
stops,stop_name,浅野,en,Asano
stops,stop_name,安善,ja,安善
stops,stop_name,安善,en,Anzen
stops,stop_name,武蔵白石,ja,武蔵白石
stops,stop_name,武蔵白石,en,Musashi-Shiraishi
stops,stop_name,昭和,ja,昭和
stops,stop_name,昭和,en,Showa
stops,stop_name,扇町,ja,扇町
stops,stop_name,扇町,en,Ogimachi
stops,stop_name,新芝浦,ja,新芝浦
stops,stop_name,新芝浦,en,Shin-Shibaura
stops,stop_name,海芝浦,ja,海芝浦
stops,stop_name,海芝浦,en,Umi-Shibaura
stops,stop_name,大川,ja,大川
stops,stop_name,大川,en,Okawa
stops,stop_name,浜野,ja,浜野
stops,stop_name,浜野,en,Hamano
stops,stop_name,八幡宿,ja,八幡宿
stops,stop_name,八幡宿,en,Yawatajuku
stops,stop_name,五井,ja,五井
stops,stop_name,五井,en,Goi
stops,stop_name,姉ケ崎,ja,姉ケ崎
stops,stop_name,姉ケ崎,en,Anegasaki
stops,stop_name,長浦,ja,長浦
stops,stop_name,長浦,en,Nagaura
stops,stop_name,袖ケ浦,ja,袖ケ浦
stops,stop_name,袖ケ浦,en,Sodegaura
stops,stop_name,巌根,ja,巌根
stops,stop_name,巌根,en,Iwane
stops,stop_name,君津,ja,君津
stops,stop_name,君津,en,Kimitsu
stops,stop_name,青堀,ja,青堀
stops,stop_name,青堀,en,Aohori
stops,stop_name,大貫,ja,大貫
stops,stop_name,大貫,en,Onuki
stops,stop_name,佐貫町,ja,佐貫町
stops,stop_name,佐貫町,en,Sanukimachi
stops,stop_name,上総湊,ja,上総湊
stops,stop_name,上総湊,en,Kazusa-Minato
stops,stop_name,竹岡,ja,竹岡
stops,stop_name,竹岡,en,Takeoka
stops,stop_name,浜金谷,ja,浜金谷
stops,stop_name,浜金谷,en,Hama-Kanaya
stops,stop_name,保田,ja,保田
stops,stop_name,保田,en,Hota
stops,stop_name,安房勝山,ja,安房勝山
stops,stop_name,安房勝山,en,Awa-Katsuyama
stops,stop_name,岩井,ja,岩井
stops,stop_name,岩井,en,Iwai
stops,stop_name,富浦,ja,富浦
stops,stop_name,富浦,en,Tomiura
stops,stop_name,那古船形,ja,那古船形
stops,stop_name,那古船形,en,Nakofunakata
stops,stop_name,館山,ja,館山
stops,stop_name,館山,en,Tateyama
stops,stop_name,九重,ja,九重
stops,stop_name,九重,en,Kokonoe
stops,stop_name,千倉,ja,千倉
stops,stop_name,千倉,en,Chikura
stops,stop_name,千歳,ja,千歳
stops,stop_name,千歳,en,Chitose
stops,stop_name,南三原,ja,南三原
stops,stop_name,南三原,en,Minamihara
stops,stop_name,和田浦,ja,和田浦
stops,stop_name,和田浦,en,Wadaura
stops,stop_name,江見,ja,江見
stops,stop_name,江見,en,Emi
stops,stop_name,太海,ja,太海
stops,stop_name,太海,en,Futomi
stops,stop_name,土呂,ja,土呂
stops,stop_name,土呂,en,Toro
stops,stop_name,東大宮,ja,東大宮
stops,stop_name,東大宮,en,Higashi-Omiya
stops,stop_name,蓮田,ja,蓮田
stops,stop_name,蓮田,en,Hasuda
stops,stop_name,白岡,ja,白岡
stops,stop_name,白岡,en,Shiraoka
stops,stop_name,新白岡,ja,新白岡
stops,stop_name,新白岡,en,Shin-Shiraoka
stops,stop_name,久喜,ja,久喜
stops,stop_name,久喜,en,Kuki
stops,stop_name,東鷲宮,ja,東鷲宮
stops,stop_name,東鷲宮,en,Higashi-Washinomiya
stops,stop_name,栗橋,ja,栗橋
stops,stop_name,栗橋,en,Kurihashi
stops,stop_name,古河,ja,古河
stops,stop_name,古河,en,Koga
stops,stop_name,野木,ja,野木
stops,stop_name,野木,en,Nogi
stops,stop_name,間々田,ja,間々田
stops,stop_name,間々田,en,Mamada
stops,stop_name,小山,ja,小山
stops,stop_name,小山,en,Oyama
stops,stop_name,小金井,ja,小金井
stops,stop_name,小金井,en,Koganei
stops,stop_name,自治医大,ja,自治医大
stops,stop_name,自治医大,en,Jichiidai
stops,stop_name,石橋,ja,石橋
stops,stop_name,石橋,en,Ishibashi
stops,stop_name,雀宮,ja,雀宮
stops,stop_name,雀宮,en,Suzumenomiya
stops,stop_name,宇都宮,ja,宇都宮
stops,stop_name,宇都宮,en,Utsunomiya
stops,stop_name,岡本,ja,岡本
stops,stop_name,岡本,en,Okamoto
stops,stop_name,宝積寺,ja,宝積寺
stops,stop_name,宝積寺,en,Hoshakuji
stops,stop_name,氏家,ja,氏家
stops,stop_name,氏家,en,Ujiie
stops,stop_name,蒲須坂,ja,蒲須坂
stops,stop_name,蒲須坂,en,Kamasusaka
stops,stop_name,片岡,ja,片岡
stops,stop_name,片岡,en,Kataoka
stops,stop_name,矢板,ja,矢板
stops,stop_name,矢板,en,Yaita
stops,stop_name,野崎,ja,野崎
stops,stop_name,野崎,en,Nozaki
stops,stop_name,西那須野,ja,西那須野
stops,stop_name,西那須野,en,Nishi-Nasuno
stops,stop_name,那須塩原,ja,那須塩原
stops,stop_name,那須塩原,en,Nasushiobara
stops,stop_name,黒磯,ja,黒磯
stops,stop_name,黒磯,en,Kuroiso
stops,stop_name,五反田,ja,五反田
stops,stop_name,五反田,en,Gotanda
stops,stop_name,目黒,ja,目黒
stops,stop_name,目黒,en,Meguro
stops,stop_name,原宿,ja,原宿
stops,stop_name,原宿,en,Harajuku
stops,stop_name,新大久保,ja,新大久保
stops,stop_name,新大久保,en,Shin-Okubo
stops,stop_name,高田馬場,ja,高田馬場
stops,stop_name,高田馬場,en,Takadanobaba
stops,stop_name,目白,ja,目白
stops,stop_name,目白,en,Mejiro
stops,stop_name,大塚,ja,大塚
stops,stop_name,大塚,en,Otsuka
stops,stop_name,巣鴨,ja,巣鴨
stops,stop_name,巣鴨,en,Sugamo
stops,stop_name,駒込,ja,駒込
stops,stop_name,駒込,en,Komagome
stops,stop_name,大口,ja,大口
stops,stop_name,大口,en,Oguchi
stops,stop_name,菊名,ja,菊名
stops,stop_name,菊名,en,Kikuna
stops,stop_name,新横浜,ja,新横浜
stops,stop_name,新横浜,en,Shin-Yokohama
stops,stop_name,小机,ja,小机
stops,stop_name,小机,en,Kozukue
stops,stop_name,鴨居,ja,鴨居
stops,stop_name,鴨居,en,Kamoi
stops,stop_name,中山,ja,中山
stops,stop_name,中山,en,Nakayama
stops,stop_name,十日市場,ja,十日市場
stops,stop_name,十日市場,en,Tokaichiba
stops,stop_name,長津田,ja,長津田
stops,stop_name,長津田,en,Nagatsuta
stops,stop_name,成瀬,ja,成瀬
stops,stop_name,成瀬,en,Naruse
stops,stop_name,町田,ja,町田
stops,stop_name,町田,en,Machida
stops,stop_name,古淵,ja,古淵
stops,stop_name,古淵,en,Kobuchi
stops,stop_name,淵野辺,ja,淵野辺
stops,stop_name,淵野辺,en,Fuchinobe
stops,stop_name,矢部,ja,矢部
stops,stop_name,矢部,en,Yabe
stops,stop_name,相模原,ja,相模原
stops,stop_name,相模原,en,Sagamihara
stops,stop_name,相原,ja,相原
stops,stop_name,相原,en,Aihara
stops,stop_name,八王子みなみ野,ja,八王子みなみ野
stops,stop_name,八王子みなみ野,en,Hachiojiminamino
stops,stop_name,片倉,ja,片倉
stops,stop_name,片倉,en,Katakura
stops,stop_name,北鎌倉,ja,北鎌倉
stops,stop_name,北鎌倉,en,Kita-Kamakura
stops,stop_name,鎌倉,ja,鎌倉
stops,stop_name,鎌倉,en,Kamakura
stops,stop_name,逗子,ja,逗子
stops,stop_name,逗子,en,Zushi
stops,stop_name,東逗子,ja,東逗子
stops,stop_name,東逗子,en,Higashi-Zushi
stops,stop_name,田浦,ja,田浦
stops,stop_name,田浦,en,Taura
stops,stop_name,横須賀,ja,横須賀
stops,stop_name,横須賀,en,Yokosuka
stops,stop_name,衣笠,ja,衣笠
stops,stop_name,衣笠,en,Kinugasa
stops,stop_name,久里浜,ja,久里浜
stops,stop_name,久里浜,en,Kurihama
trips,trip_headsign,長野原草津口,ja,長野原草津口
trips,trip_headsign,長野原草津口,en,Naganoharakusatsuguchi
trips,trip_headsign,上野,ja,上野
trips,trip_headsign,上野,en,Ueno
trips,trip_headsign,高尾,ja,高尾
trips,trip_headsign,高尾,en,Takao
trips,trip_headsign,青梅,ja,青梅
trips,trip_headsign,青梅,en,Ome
trips,trip_headsign,八王子,ja,八王子
trips,trip_headsign,八王子,en,Hachioji
trips,trip_headsign,武蔵小金井,ja,武蔵小金井
trips,trip_headsign,武蔵小金井,en,Musashi-Koganei
trips,trip_headsign,豊田,ja,豊田
trips,trip_headsign,豊田,en,Toyoda
trips,trip_headsign,立川,ja,立川
trips,trip_headsign,立川,en,Tachikawa
trips,trip_headsign,大月,ja,大月
trips,trip_headsign,大月,en,Otsuki
trips,trip_headsign,東京,ja,東京
trips,trip_headsign,東京,en,Tokyo
trips,trip_headsign,河口湖,ja,河口湖
trips,trip_headsign,河口湖,en,Kawaguchiko
trips,trip_headsign,三鷹,ja,三鷹
trips,trip_headsign,三鷹,en,Mitaka
trips,trip_headsign,国分寺,ja,国分寺
trips,trip_headsign,国分寺,en,Kokubunji
trips,trip_headsign,中野,ja,中野
trips,trip_headsign,中野,en,Nakano
trips,trip_headsign,千葉,ja,千葉
trips,trip_headsign,千葉,en,Chiba
trips,trip_headsign,津田沼,ja,津田沼
trips,trip_headsign,津田沼,en,Tsudanuma
trips,trip_headsign,西船橋,ja,西船橋
trips,trip_headsign,西船橋,en,Nishi-Funabashi
trips,trip_headsign,東葉勝田台,ja,東葉勝田台
trips,trip_headsign,東葉勝田台,en,Toyo-Katsutadai
trips,trip_headsign,御茶ノ水,ja,御茶ノ水
trips,trip_headsign,御茶ノ水,en,Ochanomizu
trips,trip_headsign,妙典,ja,妙典
trips,trip_headsign,妙典,en,Myoden
trips,trip_headsign,東陽町,ja,東陽町
trips,trip_headsign,東陽町,en,Toyocho
trips,trip_headsign,松本・河口湖,ja,松本・河口湖
trips,trip_headsign,松本・河口湖,en,Matsumoto/Kawaguchiko
trips,trip_headsign,高崎,ja,高崎
trips,trip_headsign,高崎,en,Takasaki
trips,trip_headsign,高麗川,ja,高麗川
trips,trip_headsign,高麗川,en,Komagawa
trips,trip_headsign,群馬藤岡,ja,群馬藤岡
trips,trip_headsign,群馬藤岡,en,Gumma-Fujioka
trips,trip_headsign,児玉,ja,児玉
trips,trip_headsign,児玉,en,Kodama
trips,trip_headsign,小川町,ja,小川町
trips,trip_headsign,小川町,en,Ogawamachi
trips,trip_headsign,川越,ja,川越
trips,trip_headsign,川越,en,Kawagoe
trips,trip_headsign,拝島,ja,拝島
trips,trip_headsign,拝島,en,Haijima
trips,trip_headsign,箱根ケ崎,ja,箱根ケ崎
trips,trip_headsign,箱根ケ崎,en,Hakonegasaki
trips,trip_headsign,伊東,ja,伊東
trips,trip_headsign,伊東,en,Ito
trips,trip_headsign,伊豆急下田,ja,伊豆急下田
trips,trip_headsign,伊豆急下田,en,Izukyu-Shimoda
trips,trip_headsign,伊豆高原,ja,伊豆高原
trips,trip_headsign,伊豆高原,en,Izukogen
trips,trip_headsign,熱海,ja,熱海
trips,trip_headsign,熱海,en,Atami
trips,trip_headsign,宇都宮,ja,宇都宮
trips,trip_headsign,宇都宮,en,Utsunomiya
trips,trip_headsign,小金井,ja,小金井
trips,trip_headsign,小金井,en,Koganei
trips,trip_headsign,籠原,ja,籠原
trips,trip_headsign,籠原,en,Kagohara
trips,trip_headsign,武蔵五日市,ja,武蔵五日市
trips,trip_headsign,武蔵五日市,en,Musashi-Itsukaichi
trips,trip_headsign,高萩,ja,高萩
trips,trip_headsign,高萩,en,Takahagi
trips,trip_headsign,勝田,ja,勝田
trips,trip_headsign,勝田,en,Katsuta
trips,trip_headsign,いわき,ja,いわき
trips,trip_headsign,いわき,en,Iwaki
trips,trip_headsign,水戸,ja,水戸
trips,trip_headsign,水戸,en,Mito
trips,trip_headsign,品川,ja,品川
trips,trip_headsign,品川,en,Shinagawa
trips,trip_headsign,土浦,ja,土浦
trips,trip_headsign,土浦,en,Tsuchiura
trips,trip_headsign,我孫子,ja,我孫子
trips,trip_headsign,我孫子,en,Abiko
trips,trip_headsign,原ノ町,ja,原ノ町
trips,trip_headsign,原ノ町,en,Haranomachi
trips,trip_headsign,仙台,ja,仙台
trips,trip_headsign,仙台,en,Sendai
trips,trip_headsign,広野,ja,広野
trips,trip_headsign,広野,en,Hirono
trips,trip_headsign,久ノ浜,ja,久ノ浜
trips,trip_headsign,久ノ浜,en,Hisanohama
trips,trip_headsign,大津港,ja,大津港
trips,trip_headsign,大津港,en,Otsuko
trips,trip_headsign,小山,ja,小山
trips,trip_headsign,小山,en,Oyama
trips,trip_headsign,新地,ja,新地
trips,trip_headsign,新地,en,Shinchi
trips,trip_headsign,取手,ja,取手
trips,trip_headsign,取手,en,Toride
trips,trip_headsign,代々木上原,ja,代々木上原
trips,trip_headsign,代々木上原,en,Yoyogi-Uehara
trips,trip_headsign,向ヶ丘遊園,ja,向ヶ丘遊園
trips,trip_headsign,向ヶ丘遊園,en,Mukogaoka-Yuen
trips,trip_headsign,成城学園前,ja,成城学園前
trips,trip_headsign,成城学園前,en,Seijogakuen-Mae
trips,trip_headsign,唐木田,ja,唐木田
trips,trip_headsign,唐木田,en,Karakida
trips,trip_headsign,伊勢原,ja,伊勢原
trips,trip_headsign,伊勢原,en,Isehara
trips,trip_headsign,霞ケ関,ja,霞ケ関
trips,trip_headsign,霞ケ関,en,Kasumigaseki
trips,trip_headsign,北千住,ja,北千住
trips,trip_headsign,北千住,en,Kita-Senju
trips,trip_headsign,松戸,ja,松戸
trips,trip_headsign,松戸,en,Matsudo
trips,trip_headsign,明治神宮前,ja,明治神宮前
trips,trip_headsign,明治神宮前,en,Meiji-Jingumae
trips,trip_headsign,柏,ja,柏
trips,trip_headsign,柏,en,Kashiwa
trips,trip_headsign,本厚木,ja,本厚木
trips,trip_headsign,本厚木,en,Hon-Atsugi
trips,trip_headsign,成田,ja,成田
trips,trip_headsign,成田,en,Narita
trips,trip_headsign,鹿島神宮,ja,鹿島神宮
trips,trip_headsign,鹿島神宮,en,Kashimajingu
trips,trip_headsign,大船,ja,大船
trips,trip_headsign,大船,en,Ofuna
trips,trip_headsign,佐原,ja,佐原
trips,trip_headsign,佐原,en,Sawara
trips,trip_headsign,磯子,ja,磯子
trips,trip_headsign,磯子,en,Isogo
trips,trip_headsign,蒲田,ja,蒲田
trips,trip_headsign,蒲田,en,Kamata
trips,trip_headsign,鶴見,ja,鶴見
trips,trip_headsign,鶴見,en,Tsurumi
trips,trip_headsign,桜木町,ja,桜木町
trips,trip_headsign,桜木町,en,Sakuragicho
trips,trip_headsign,東神奈川,ja,東神奈川
trips,trip_headsign,東神奈川,en,Higashi-Kanagawa
trips,trip_headsign,赤羽,ja,赤羽
trips,trip_headsign,赤羽,en,Akabane
trips,trip_headsign,大宮,ja,大宮
trips,trip_headsign,大宮,en,Omiya
trips,trip_headsign,南浦和,ja,南浦和
trips,trip_headsign,南浦和,en,Minami-Urawa
trips,trip_headsign,橋本,ja,橋本
trips,trip_headsign,橋本,en,Hashimoto
trips,trip_headsign,蘇我,ja,蘇我
trips,trip_headsign,蘇我,en,Soga
trips,trip_headsign,上総一ノ宮,ja,上総一ノ宮
trips,trip_headsign,上総一ノ宮,en,Kazusa-Ichinomiya
trips,trip_headsign,君津,ja,君津
trips,trip_headsign,君津,en,Kimitsu
trips,trip_headsign,上総一ノ宮・成東,ja,上総一ノ宮・成東
trips,trip_headsign,上総一ノ宮・成東,en,Kazusa-Ichinomiya/Naruto
trips,trip_headsign,誉田,ja,誉田
trips,trip_headsign,誉田,en,Honda
trips,trip_headsign,新習志野,ja,新習志野
trips,trip_headsign,新習志野,en,Shin-Narashino
trips,trip_headsign,府中本町,ja,府中本町
trips,trip_headsign,府中本町,en,Fuchuhommachi
trips,trip_headsign,海浜幕張,ja,海浜幕張
trips,trip_headsign,海浜幕張,en,Kaihimmakuhari
trips,trip_headsign,東所沢,ja,東所沢
trips,trip_headsign,東所沢,en,Higashi-Tokorozawa
trips,trip_headsign,勝浦,ja,勝浦
trips,trip_headsign,勝浦,en,Katsuura
trips,trip_headsign,安房鴨川,ja,安房鴨川
trips,trip_headsign,安房鴨川,en,Awa-Kamogawa
trips,trip_headsign,南船橋,ja,南船橋
trips,trip_headsign,南船橋,en,Minami-Funabashi
trips,trip_headsign,上総亀山,ja,上総亀山
trips,trip_headsign,上総亀山,en,Kazusa-Kameyama
trips,trip_headsign,久留里,ja,久留里
trips,trip_headsign,久留里,en,Kururi
trips,trip_headsign,木更津,ja,木更津
trips,trip_headsign,木更津,en,Kisarazu
trips,trip_headsign,南越谷,ja,南越谷
trips,trip_headsign,南越谷,en,Minami-Koshigaya
trips,trip_headsign,吉川美南,ja,吉川美南
trips,trip_headsign,吉川美南,en,Yoshikawaminami
trips,trip_headsign,川崎,ja,川崎
trips,trip_headsign,川崎,en,Kawasaki
trips,trip_headsign,武蔵中原,ja,武蔵中原
trips,trip_headsign,武蔵中原,en,Musashi-Nakahara
trips,trip_headsign,稲城長沼,ja,稲城長沼
trips,trip_headsign,稲城長沼,en,Inaginaganuma
trips,trip_headsign,登戸,ja,登戸
trips,trip_headsign,登戸,en,Noborito
trips,trip_headsign,武蔵溝ノ口,ja,武蔵溝ノ口
trips,trip_headsign,武蔵溝ノ口,en,Musashi-Mizonokuchi
trips,trip_headsign,尻手,ja,尻手
trips,trip_headsign,尻手,en,Shitte
trips,trip_headsign,浜川崎,ja,浜川崎
trips,trip_headsign,浜川崎,en,Hama-Kawasaki
trips,trip_headsign,銚子,ja,銚子
trips,trip_headsign,銚子,en,Choshi
trips,trip_headsign,成田空港,ja,成田空港
trips,trip_headsign,成田空港,en,Narita Airport
trips,trip_headsign,新宿,ja,新宿
trips,trip_headsign,新宿,en,Shinjuku
trips,trip_headsign,大船・新宿,ja,大船・新宿
trips,trip_headsign,大船・新宿,en,Ofuna/Shinjuku
trips,trip_headsign,逗子,ja,逗子
trips,trip_headsign,逗子,en,Zushi
trips,trip_headsign,久里浜,ja,久里浜
trips,trip_headsign,久里浜,en,Kurihama
trips,trip_headsign,河辺,ja,河辺
trips,trip_headsign,河辺,en,Kabe
trips,trip_headsign,奥多摩,ja,奥多摩
trips,trip_headsign,奥多摩,en,Oku-Tama
trips,trip_headsign,海老名,ja,海老名
trips,trip_headsign,海老名,en,Ebina
trips,trip_headsign,茅ケ崎,ja,茅ケ崎
trips,trip_headsign,茅ケ崎,en,Chigasaki
trips,trip_headsign,武蔵浦和,ja,武蔵浦和
trips,trip_headsign,武蔵浦和,en,Musashi-Urawa
trips,trip_headsign,池袋,ja,池袋
trips,trip_headsign,池袋,en,Ikebukuro
trips,trip_headsign,新木場,ja,新木場
trips,trip_headsign,新木場,en,Shin-Kiba
trips,trip_headsign,大崎,ja,大崎
trips,trip_headsign,大崎,en,Osaki
trips,trip_headsign,古河,ja,古河
trips,trip_headsign,古河,en,Koga
trips,trip_headsign,前橋,ja,前橋
trips,trip_headsign,前橋,en,Maebashi
trips,trip_headsign,小田原,ja,小田原
trips,trip_headsign,小田原,en,Odawara
trips,trip_headsign,平塚,ja,平塚
trips,trip_headsign,平塚,en,Hiratsuka
trips,trip_headsign,国府津,ja,国府津
trips,trip_headsign,国府津,en,Kozu
trips,trip_headsign,東武日光,ja,東武日光
trips,trip_headsign,東武日光,en,Tobu-Nikko
trips,trip_headsign,鬼怒川温泉,ja,鬼怒川温泉
trips,trip_headsign,鬼怒川温泉,en,Kinugawa-Onsen
trips,trip_headsign,旭,ja,旭
trips,trip_headsign,旭,en,Asahi
trips,trip_headsign,佐倉,ja,佐倉
trips,trip_headsign,佐倉,en,Sakura
trips,trip_headsign,成東,ja,成東
trips,trip_headsign,成東,en,Naruto
trips,trip_headsign,四街道,ja,四街道
trips,trip_headsign,四街道,en,Yotsukaido
trips,trip_headsign,成田空港・鹿島神宮,ja,成田空港・鹿島神宮
trips,trip_headsign,成田空港・鹿島神宮,en,Narita Airport/Kashimajingu
trips,trip_headsign,成田空港・成東,ja,成田空港・成東
trips,trip_headsign,成田空港・成東,en,Narita Airport/Naruto
trips,trip_headsign,横芝,ja,横芝
trips,trip_headsign,横芝,en,Yokoshiba
trips,trip_headsign,八街,ja,八街
trips,trip_headsign,八街,en,Yachimata
trips,trip_headsign,横須賀,ja,横須賀
trips,trip_headsign,横須賀,en,Yokosuka
trips,trip_headsign,茂原,ja,茂原
trips,trip_headsign,茂原,en,Mobara
trips,trip_headsign,大原,ja,大原
trips,trip_headsign,大原,en,Ohara
trips,trip_headsign,東金,ja,東金
trips,trip_headsign,東金,en,Togane
trips,trip_headsign,大網,ja,大網
trips,trip_headsign,大網,en,Oami
trips,trip_headsign,新前橋,ja,新前橋
trips,trip_headsign,新前橋,en,Shim-Maebashi
trips,trip_headsign,鴻巣,ja,鴻巣
trips,trip_headsign,鴻巣,en,Konosu
trips,trip_headsign,本庄,ja,本庄
trips,trip_headsign,本庄,en,Honjo
trips,trip_headsign,沼津,ja,沼津
trips,trip_headsign,沼津,en,Numazu
trips,trip_headsign,伊豆急下田・修善寺,ja,伊豆急下田・修善寺
trips,trip_headsign,伊豆急下田・修善寺,en,Izukyu-Shimoda/Shuzenji
trips,trip_headsign,出雲市・高松,ja,出雲市・高松
trips,trip_headsign,出雲市・高松,en,Izumoshi/Takamatsu
trips,trip_headsign,大川,ja,大川
trips,trip_headsign,大川,en,Okawa
trips,trip_headsign,扇町,ja,扇町
trips,trip_headsign,扇町,en,Ogimachi
trips,trip_headsign,武蔵白石,ja,武蔵白石
trips,trip_headsign,武蔵白石,en,Musashi-Shiraishi
trips,trip_headsign,海芝浦,ja,海芝浦
trips,trip_headsign,海芝浦,en,Umi-Shibaura
trips,trip_headsign,弁天橋,ja,弁天橋
trips,trip_headsign,弁天橋,en,Bentembashi
trips,trip_headsign,姉ケ崎,ja,姉ケ崎
trips,trip_headsign,姉ケ崎,en,Anegasaki
trips,trip_headsign,上総湊,ja,上総湊
trips,trip_headsign,上総湊,en,Kazusa-Minato
trips,trip_headsign,館山,ja,館山
trips,trip_headsign,館山,en,Tateyama
trips,trip_headsign,千倉,ja,千倉
trips,trip_headsign,千倉,en,Chikura
trips,trip_headsign,黒磯,ja,黒磯
trips,trip_headsign,黒磯,en,Kuroiso
trips,trip_headsign,日光,ja,日光
trips,trip_headsign,日光,en,Nikko
trips,trip_headsign,町田,ja,町田
trips,trip_headsign,町田,en,Machida
